claimant_id,first_name,last_name,birth_date,gender,hire_date,vehicle_id,created_on,modified_on
56f6587f-4277-4e87-b954-e38568870333,Mayne,Jeaves,10/29/2021,Female,11/1/2021,827a3d6c-f60d-4b7b-b24b-f9b02d7120a0,3/11/2021,7/13/2021
6de192ba-04ff-4eb3-bcba-73c981af9c57,Hamlin,Asling,12/16/2021,Male,10/20/2021,d5bf5470-ef21-41a5-bcaa-d4e67d1e25ba,12/15/2021,1/8/2021
63e24934-77fc-4948-a12e-176f2e31c774,Editha,Speirs,5/15/2021,Female,10/5/2021,78acf0ce-c2ca-4f1b-9c55-3d329eb77d6e,11/24/2021,1/22/2021
bb0d563a-5f7c-4af7-9114-7ca2e4ca65ee,Alix,Rothon,10/29/2021,Polygender,5/20/2021,5227f24e-b0c2-4d05-91ac-5fb0a9a89a46,7/9/2021,6/13/2021
9624ca07-9499-4e82-8c35-d660cacad46d,Alyda,Sleany,4/1/2021,Male,12/14/2021,01eae610-109d-43aa-95ba-1fff7f5dac08,10/3/2021,7/15/2021
1064b3ee-851c-4af5-a3fb-5fd31a27dc24,Nike,Allsep,1/4/2021,Female,9/26/2021,92c51711-14e5-4bd5-9e3f-a125af2d6427,2/5/2021,8/24/2021
e27a4297-7d81-40d9-94bc-552ff8d18054,Wyatan,Moxom,4/29/2021,Female,8/30/2021,8c517d5b-2f4d-470d-809f-214988791636,9/17/2021,11/22/2021
b3ac6adb-37b6-4d9f-a0c0-d67ee5d687e6,Alejandro,Thiese,6/21/2021,Male,3/24/2021,7d9df85e-c7da-4c5c-81b3-f6ffc16a91bd,10/16/2021,6/26/2021
0274bd01-60bd-43ab-b0b6-31137240d984,Otho,Kirrage,6/15/2021,Bigender,6/29/2021,4e5cbc49-e737-4748-a9f4-7c2d2af1c93f,3/10/2021,7/27/2021
43395be5-fe3f-45ec-bd17-27790a32af4a,Jade,Hymus,10/11/2021,Male,12/5/2021,04927799-a33a-4182-b81e-dc68da6b9507,11/3/2021,1/23/2021
23af5890-cf43-4cbc-9e3c-16b2013bbcad,Gisele,Ratnege,6/22/2021,Female,2/18/2021,db289694-1f61-4fca-a164-92099c8ee706,4/12/2021,10/22/2021
3173e4ab-a1a5-448a-9544-e9b0eb790269,Caria,Babington,4/14/2021,Female,6/27/2021,64234756-0798-4eff-bfae-cd78897e9ef9,1/28/2021,4/8/2021
33649523-38bb-4587-88c4-fa66d2f7ee2a,Josee,Medforth,2/9/2021,Male,6/5/2021,0ab3d582-9e77-4ef7-828c-5a5f277bcb4c,3/12/2021,11/12/2021
07a00905-4d64-4816-a823-f0f03a46e8aa,Paxon,Hadenton,10/2/2021,Female,5/24/2021,1bf247bd-c53f-45b7-a007-9050df4a2c44,12/22/2021,9/11/2021
9106115c-32ba-47ca-b197-23bb444bc0b5,Christel,O'Harney,5/10/2021,Agender,2/21/2021,f8ea7d15-94b1-40ef-8a7e-b1b25112ef89,4/14/2021,10/28/2021
3e8baa4d-cfda-46ac-9956-766524cbecff,Lisabeth,Sydney,5/25/2021,Male,6/10/2021,d78397f4-c915-4353-816a-bd52890250eb,9/30/2021,7/30/2021
40e58402-3922-419c-ab53-01be2edc51b8,Ferrell,Redgewell,11/4/2021,Male,9/14/2021,b70a8c15-ddf8-4794-b867-c5a0f3ca4e47,9/13/2021,5/2/2021
a417468a-6b79-44b5-8b79-342ecf89834a,Everett,Eve,10/30/2021,Male,12/24/2021,469630ea-ce0b-403a-a9b8-204abf3fd733,9/12/2021,5/25/2021
d6e23df9-818a-4a7e-964f-b3e44468edf6,Storm,Boots,12/25/2021,Female,8/5/2021,6597408d-303e-4b3b-9715-56ef9b49a5c6,2/24/2021,8/1/2021
018badba-6da5-414d-b38f-c3993620c631,Spencer,Hulse,6/15/2021,Female,7/14/2021,aefe25f6-8458-45d4-8a97-d892549b5258,12/11/2021,12/14/2021
3016cf34-265f-49c0-88b3-65f4d340118f,Grady,Durbann,1/15/2021,Female,12/4/2021,06a3cec8-30f6-41e5-8bba-1ad10859fdc5,2/26/2021,1/22/2021
cb68330c-4eba-4367-9825-bd20577801f2,Enrico,Verrills,7/18/2021,Female,12/5/2021,96fa5997-73fb-46cc-9116-c08fe2d270fa,3/9/2021,9/16/2021
e37c622e-776e-418f-b420-076fc3d2ae1c,Wandis,Tixier,3/24/2021,Male,2/22/2021,618d72cb-f764-40e7-9aff-240b1d30e7a8,6/3/2021,8/7/2021
de025e0f-988f-491f-93c5-470e383c2f03,Bonni,Cobby,7/5/2021,Male,5/30/2021,57015a49-c4a6-41fa-8dbb-54a69ad4c1f4,12/25/2021,1/30/2021
2ed87a62-a93d-4bb2-bf8d-77e81830acf7,Xever,Abarough,3/1/2021,Male,5/9/2021,d1254831-6d02-481a-a319-bd3d38917a86,10/13/2021,10/9/2021
23992ef3-eda4-4b89-bc49-af74fde996a3,Barde,Piser,5/26/2021,Male,8/20/2021,1770188b-b8c9-4134-a59e-222abdd4bee2,1/7/2021,7/16/2021
4f746b08-10e5-403f-8e3e-20270e9e6531,Tanney,Anten,9/5/2021,Female,3/26/2021,d8d6d566-4874-4723-bfb6-d9265c82230a,12/1/2021,10/20/2021
36076aa8-2e70-4560-a8b1-fe2f27dd43d6,Zilvia,Niessen,12/22/2021,Female,9/21/2021,147a2858-1709-4e91-beaf-611967d3eeac,11/14/2021,2/7/2021
360991e2-871d-493d-bd0a-59ef2cbbd64e,Fonz,Emlyn,6/25/2021,Male,3/22/2021,a96e61b7-440b-45af-9eb0-d2840c6b51be,8/6/2021,2/10/2021
d785a41f-d723-4867-9d94-686ee7a5d491,Jonas,Canto,5/13/2021,Polygender,12/28/2021,9bbb285f-1c9b-41d1-922b-e411b023977f,4/14/2021,7/7/2021
b3a83b96-af22-40e8-bd35-bfd43a973efb,Nathanial,Timbridge,10/10/2021,Female,7/30/2021,aef3c2a0-6f74-409e-906d-765bf8843362,2/17/2021,12/26/2021
44f355b1-d788-405e-807f-a8c3048507b5,Daisie,Beecroft,5/3/2021,Female,10/15/2021,2b139ede-df26-4852-b043-a5658010f663,3/9/2021,9/1/2021
efc40a2d-0c72-4006-bc36-ab237add74e1,Reinhold,Brittan,3/5/2021,Male,5/10/2021,9849220b-9af2-4872-abe2-efddce412dd3,3/29/2021,9/19/2021
1bf9cc6a-28e1-412c-b250-dfefb856af74,Konstance,Creany,7/30/2021,Male,11/5/2021,b82eea80-ee47-4830-9039-d9182a7edc78,1/20/2021,12/1/2021
fa11c070-7bb6-4ab2-8ed7-959e1342093f,Matty,Renehan,12/27/2021,Male,7/5/2021,f96a05c8-e27a-4985-8ceb-cb936458fbd3,9/9/2021,5/1/2021
472fb159-c723-4a57-8cae-63a4eb785d97,Mattie,Hampshaw,6/26/2021,Male,9/11/2021,7c551be9-d93b-4eef-8053-8bcafe068be9,4/23/2021,7/21/2021
024d5377-2545-4d3d-8905-d74a99f06335,Orsola,Mariner,7/28/2021,Female,6/26/2021,b10e7959-523e-464f-be65-a3d84c933792,6/24/2021,1/26/2021
f7a0cec0-9a9c-426f-8e89-520905c33129,Cathee,Ommanney,8/19/2021,Male,11/5/2021,141ad49b-65c3-4425-ab71-cd79e5622683,7/22/2021,2/13/2021
fa0eb2ee-ad7b-464c-9028-27bafa275de5,Branden,Bartell,1/14/2021,Agender,7/19/2021,b89c2ecd-879c-4f15-af97-3e7520ffad35,4/14/2021,6/9/2021
b11c2dab-ee1c-4af5-bbdc-6a128e604a20,Kane,Habbin,12/13/2021,Male,9/9/2021,2e65d439-fb78-4a33-8f4b-7d718b7e8e55,10/2/2021,4/12/2021
abec5a73-a634-42e9-8d58-03caf86f9b8f,Dacie,Thatcham,9/30/2021,Male,6/2/2021,4249d19f-6926-4bcb-a224-239c2a99365f,9/26/2021,3/2/2021
00ae5449-21b8-4337-ab29-735c55add2c2,Robinet,Tansley,6/14/2021,Female,8/21/2021,b6aeaad5-e6d4-4f52-bc84-2680d9915664,10/2/2021,8/18/2021
76b68fad-6e36-476d-b19e-8040484e3056,Alasteir,Thal,3/6/2021,Female,1/26/2021,0fbdb344-4633-4f78-b7e1-47162d51feaa,6/20/2021,6/15/2021
65f4b0f3-52b7-4241-b562-4aeba51e8ad5,Merill,Thurlbeck,2/17/2021,Female,11/15/2021,f6d18de5-d43d-4f91-befd-8f7134c9969d,8/29/2021,9/17/2021
1322a1e0-788d-4483-ba13-6d13b5c3e63b,Clarine,Cronshaw,9/1/2021,Male,10/21/2021,7ef9bc84-68f3-4246-aa94-9cdbfc54efc3,4/8/2021,5/12/2021
123c84df-761e-458b-b512-693c427ba027,Bree,Vondruska,8/15/2021,Male,4/4/2021,f591835a-7727-4a8f-8d79-91d8c0b05206,10/21/2021,11/23/2021
55b08016-cdeb-42c1-99c5-97f0a21788af,Josi,Meehan,12/11/2021,Female,4/2/2021,ebea9090-c3de-46b9-bcbe-946a86af6d60,1/7/2021,9/17/2021
f3620b6f-abe9-4589-b7a1-280598259e7e,Letta,Mattea,1/24/2021,Female,8/18/2021,d1cb49e3-0b45-48b9-88a6-c2aea0122e35,11/18/2021,1/8/2021
70948e86-3191-4ff2-8256-8a3db465211a,Zacharie,Kohlert,5/26/2021,Male,9/24/2021,7dc690f5-895c-44bf-8f9e-234a05453d8b,3/9/2021,9/13/2021
78291150-9569-4207-8649-7484877430a9,Angela,Piotrowski,2/14/2021,Female,11/19/2021,acd2b6d6-7a79-48f1-a682-6a7408d42cd5,4/3/2021,3/10/2021
ecc5df03-1a6f-4ca9-ab93-450b9d9d4b60,Elsey,Brundale,10/26/2021,Male,4/25/2021,7219ea85-a9f1-48f7-ac97-3bb3e4402d94,2/23/2021,5/9/2021
4024a307-f298-46e2-8cf5-5da98ccd3d3a,Trina,Mumbey,8/26/2021,Male,10/1/2021,e0e773ad-fc82-4f7f-a65f-3f2393d48c19,1/21/2021,7/28/2021
a61c0061-8e5c-4586-bfb3-f25eb374d6fe,Thedrick,Balharrie,10/7/2021,Female,5/24/2021,b3eb4bbf-e38c-48c4-866d-aca71d1cd6fd,11/14/2021,11/23/2021
c3566927-ba9b-4e09-84c0-e07e8c54cddb,Kayle,Nockalls,3/27/2021,Female,7/4/2021,9ce20acf-e45b-4378-9caa-fe195b93030c,9/22/2021,11/3/2021
244d7902-cf92-4223-9a2c-2934ac0923db,Maryjo,Aland,1/12/2021,Bigender,2/23/2021,136d7ec0-5b77-41f3-b2ab-e80a5aa23227,5/23/2021,6/21/2021
31ddd500-5809-44bc-b48c-b89932343d2b,Kamila,Glabach,12/18/2021,Male,12/19/2021,0c4aff3e-5d4d-4e08-898c-803e2df3ff23,12/29/2021,2/13/2021
76cbf2c2-8405-4920-8415-2c521a6a7e7b,Alexandros,Aslum,1/23/2021,Female,5/17/2021,2bd6dffc-b357-4849-ad0e-a1167fc48b03,4/27/2021,9/13/2021
0d901903-0690-4c03-b462-33a0e5e134b5,Cindy,MacAleese,11/17/2021,Male,12/19/2021,1547ad08-2800-40ca-94c8-5406d39d86d9,4/11/2021,1/14/2021
9c1e0a44-60a7-4fcb-9b58-0c7d42000e57,Kellyann,Freke,4/24/2021,Female,2/10/2021,bab9073f-4f1e-45a6-ad2d-a0ea9902aa62,2/23/2021,6/3/2021
9475d4b1-9116-4459-a9d6-9ec7e563c2fd,Bellanca,De Coursey,5/1/2021,Male,4/22/2021,c5ec9d0e-7902-4144-8fcc-0ae21c10d914,4/27/2021,10/29/2021
7c5b1498-daf8-4150-9859-f384302cc642,Janina,Matkovic,1/3/2022,Female,7/7/2021,8bb41431-2206-43dd-be87-9c59e4794a46,7/29/2021,12/31/2021
22e79e22-dff7-490a-9d5d-8c8d364ec2dc,Bonnibelle,Feasey,4/22/2021,Female,3/9/2021,ebb64af0-3c14-4039-9a79-29afefc578a1,12/15/2021,12/7/2021
753b5aa2-240a-4d7e-b2f8-a79e0b279b75,Ros,Abramowsky,12/7/2021,Female,5/20/2021,71a79c5d-a453-45ef-93af-6e593fb27c83,7/15/2021,10/28/2021
d4bc3621-fdc6-42c5-9b80-398b9edae332,Kizzee,Gove,3/12/2021,Genderfluid,8/17/2021,7ffeca19-4812-4e15-a9b6-1e0daaf27b96,3/13/2021,9/5/2021
51ecdfda-f2d9-4a5f-a051-ab14c1dcacb4,Micheal,Paynes,11/5/2021,Female,1/21/2021,baf7228a-2cb8-48f9-adde-d4cb2348bcce,1/22/2021,2/24/2021
b8417180-4860-4a5a-aebe-88db22b3c294,Gage,MacCaull,1/12/2021,Female,2/27/2021,5952d552-9aa8-4c1e-8248-44ec992dbffa,9/18/2021,5/17/2021
bd06eeee-5de7-4792-bafe-364eaefa1d86,Cordey,Djekic,12/13/2021,Female,11/12/2021,62367221-423b-4fb1-a4f1-17c43937b89f,5/9/2021,5/7/2021
a250bc89-b3f8-485b-9951-4cedf838b3c3,Christine,Firmage,8/21/2021,Female,6/6/2021,cf32e2e5-da30-4bf6-91cb-74909a8c58ec,12/13/2021,8/21/2021
4de8bd5a-492a-465c-8a33-50daacbc1d92,Katleen,Dugall,5/9/2021,Female,4/13/2021,47dbfd3f-ee13-4227-891f-59636fcd9659,2/28/2021,8/25/2021
b022307f-e150-4b52-a23a-9c573d5fe0d1,Orlando,Smissen,1/11/2021,Male,11/14/2021,6667a84d-41c6-4565-83ae-66ae224688a7,6/27/2021,1/2/2022
30d7dedc-c44c-4f42-ba7b-3ce05f638c6c,Aldin,Balsillie,3/19/2021,Male,4/14/2021,5b82427f-0b14-4a77-89d1-b202f208ccd9,3/9/2021,9/10/2021
02676938-f95c-414b-903c-23044244fc72,Gaelan,Warham,10/30/2021,Male,8/1/2021,3916998e-62c2-4867-baf9-fbfd38bf1d1a,9/21/2021,5/4/2021
22b05e06-9a69-4ac0-843d-93ff96974830,Barnebas,Duthie,9/22/2021,Female,5/30/2021,232b2007-efea-414d-b8ca-8238498162e2,5/29/2021,9/29/2021
17ab3303-c0dc-457b-94cf-82ee6548edb6,Vivien,Luety,5/21/2021,Female,5/25/2021,7f4d142c-7a9b-40af-a3eb-6403c59379c9,6/3/2021,8/22/2021
1069db09-f786-417c-8359-c70a7e2cea69,Morna,Embery,10/30/2021,Female,2/3/2021,6ca01a21-f40a-4a01-9d1f-0a844ffe3ed6,10/22/2021,12/24/2021
bf46fe74-3a27-48ed-a4c8-40ffc9346274,Dasie,Westwood,2/25/2021,Male,12/12/2021,aa6c113e-7551-4eb8-8dc8-a351de359ed2,10/7/2021,6/25/2021
92429b8f-c1f1-4ced-a259-f3d6912090e6,Page,Santostefano.,10/18/2021,Male,6/7/2021,af8ba95b-4df2-4499-ae8e-5bcc07a2f1a8,10/20/2021,8/16/2021
cadb80b9-91ba-4585-9c20-d1039256ade9,Cathleen,Lait,6/16/2021,Male,1/19/2021,709ad45e-4e32-434f-8dc5-bdf944134936,5/4/2021,1/23/2021
fdc18662-ca46-4bec-b486-8388051d6f22,Kippar,Feldbau,2/4/2021,Agender,3/1/2021,69aef843-2f49-46ab-ab38-18a13f45555f,3/27/2021,2/20/2021
f801b2bf-e501-4979-9c47-60054933682f,Gabriello,Medeway,5/2/2021,Female,6/26/2021,e88338ed-1f63-480b-842d-ac01812611b5,3/15/2021,12/23/2021
8c473476-ee31-46cc-9029-d1c2de74198a,Bertram,Laight,9/10/2021,Female,8/4/2021,35328627-36f9-4a70-86b0-4d3195baef78,2/23/2021,4/13/2021
41b1464a-eded-4b79-b8ab-8541a2464f3e,Gabriela,Skeldinge,12/11/2021,Female,1/23/2021,dc9d5f0f-ac67-4677-a7ef-030861cce689,4/29/2021,7/7/2021
11466890-2a0e-4d03-9e54-79ea8fb7165c,Junette,Whiteoak,3/5/2021,Agender,5/5/2021,f94364d4-b28a-4874-b872-7ca5240d2a5d,11/22/2021,2/27/2021
8db5c872-3ba7-4ed6-8aa6-b7893196645f,Rupert,Cargon,5/20/2021,Male,8/23/2021,1934b2c6-c9ac-45ff-b2a8-00dfa43bd17b,6/28/2021,9/7/2021
0bcbc4ed-c948-4c1f-8a59-015e3d6293cc,Kalila,Baudacci,3/8/2021,Male,8/15/2021,bb843d8e-24b5-4223-9ef5-d7ce2486624e,6/19/2021,3/19/2021
57eb509e-9447-48ec-9e5b-1fe8b40c1d19,Rafaelia,Rutherfoord,10/8/2021,Female,5/13/2021,6af5fc58-dd62-4d1a-aa4a-a12d10325cb7,10/21/2021,5/8/2021
4141424e-974f-4f93-a0c5-b90515d5eb25,Rockwell,Portch,4/3/2021,Female,12/13/2021,f4fbe911-0879-45e6-a3b7-aa52b065cdc9,5/14/2021,8/14/2021
c2f442bf-0628-4ae2-afc6-e82832ac4166,Wilfred,Siaskowski,12/19/2021,Male,10/28/2021,101b1cec-8602-428a-95d5-42a70463400e,5/28/2021,10/20/2021
46966631-5820-4e73-ba1a-ff9df2ed7c6d,Ryun,Kneel,12/24/2021,Female,8/24/2021,3f6c1a8b-29e6-4b0a-a176-8daef74f2584,5/22/2021,9/28/2021
26e97459-8eaa-4021-a5c3-d674e71b84ad,Eugenio,March,3/8/2021,Agender,5/31/2021,f0805966-a521-4be0-a5e6-2bcccf22f045,12/21/2021,8/6/2021
2a4d20c3-d04a-4dce-b3fe-c50c45255deb,Rheba,Ziems,2/10/2021,Female,4/24/2021,52909469-c1ce-4506-810d-c51854c5b1f2,12/30/2021,5/20/2021
89d727a3-8598-4856-866f-b8a303b8c6fe,Baxter,Charrette,4/18/2021,Male,8/9/2021,3b151878-58f6-47da-9e4d-3fdf74b118d6,9/14/2021,6/11/2021
2ffc8127-f018-4656-b3e6-7b4482cf496c,Elias,Dicken,9/9/2021,Male,11/7/2021,29fa62a3-a7ff-467d-afa3-9e602259a3d9,5/22/2021,3/7/2021
6abf2769-2c88-4bc7-a5f6-40e81c743a7e,Ali,Freeland,1/1/2022,Female,9/29/2021,4bb71873-d3a6-4e53-ad0f-0e1c6c84a5a5,9/9/2021,7/14/2021
1c30f5c7-7758-4a0e-b765-1deb5e0fc458,Aldous,Chazelle,4/29/2021,Female,1/3/2022,88a87a23-7a57-482f-b2c8-225e43d9fac4,3/7/2021,1/11/2021
c524a6f4-a1a3-4ee0-8191-e2f12e7be3ff,Margaretha,Tyreman,12/27/2021,Female,1/2/2022,7cf11334-2b2c-4bfb-b2fd-3b8c7601cab2,1/16/2021,7/5/2021
ff7690b1-b48a-4d18-8496-d9b7cf48e112,Ted,Grishankov,4/30/2021,Non-binary,9/1/2021,d301fe9f-c33a-4220-9b65-853b62533493,1/4/2021,1/2/2022
89207846-5b62-4dd0-82fc-40888619c2fe,Mick,Reasun,7/4/2021,Male,7/18/2021,dd5bdfa0-d10f-4cfc-b509-b8e792db765f,2/22/2021,6/7/2021
1bcec4c8-8e2f-487a-bf68-a35c13d8dabd,Donny,Espadater,12/19/2021,Female,12/4/2021,7ac33430-9f67-444c-8d5b-400d4f36e4aa,9/18/2021,6/20/2021
d202ae4b-9115-4da6-8ee0-8b6970399e3d,Glynn,Howsam,10/14/2021,Female,1/8/2021,5ff021fc-f0a3-493e-b72c-36ad39c71a4a,12/31/2021,5/28/2021
